<?xml version="1.0" encoding="UTF-8"?>
<!--
 ~ This program is free software; you can redistribute it and/or modify it under the
 ~ terms of the GNU Lesser General Public License, version 2.1 as published by the Free Software
 ~ Foundation.
 ~
 ~ You should have received a copy of the GNU Lesser General Public License along with this
 ~ program; if not, you can obtain a copy at http://www.gnu.org/licenses/old-licenses/lgpl-2.1.html
 ~ or from the Free Software Foundation, Inc.,
 ~ 51 Franklin Street, Fifth Floor, Boston, MA 02110-1301 USA.
 ~
 ~ This program is distributed in the hope that it will be useful, but WITHOUT ANY WARRANTY;
 ~ without even the implied warranty of MERCHANTABILITY or FITNESS FOR A PARTICULAR PURPOSE.
 ~ See the GNU Lesser General Public License for more details.
 ~
 ~ Copyright 2014 Pentaho Corporation. All rights reserved.
 -->

<blueprint xmlns="http://www.osgi.org/xmlns/blueprint/v1.0.0"
           xmlns:xsi="http://www.w3.org/2001/XMLSchema-instance"
           xsi:schemaLocation="
    http://www.osgi.org/xmlns/blueprint/v1.0.0 http://www.osgi.org/xmlns/blueprint/v1.0.0/blueprint.xsd"
           default-timeout="20000" default-activation="eager">



  <reference id="activemqx" interface="org.apache.camel.Component" />

  <camelContext xmlns="http://camel.apache.org/schema/blueprint">

    <threadPoolProfile id="fooProfile"
                       poolSize="5" maxPoolSize="10" maxQueueSize="-1"/>

    <route>

      <from
          uri="activemqx:queue:transQueue" />
      <threads executorServiceRef="fooProfile">
        <delay asyncDelayed="true"><constant>5000</constant></delay>
        <to uri="pentaho:pdi:execute-trans" />
      </threads>
    </route>

    <route>
      <from uri="file:///Users/nbaker/Downloads/pdi-ee/data-integration/samples/test"/>
      <convertBodyTo type="java.lang.String"/>
      <loop>
        <constant>30</constant>
        <to uri="activemqx:queue:transQueue"/>
      </loop>
    </route>

  </camelContext>
</blueprint>
