<?xml version="1.0" encoding="UTF-8"?>
<metadata modelVersion="1.1.0">
  <groupId>org.pentaho</groupId>
  <artifactId>kettle-jms-activator</artifactId>
  <version>7.1-SNAPSHOT</version>
  <versioning>
    <snapshot>
      <localCopy>true</localCopy>
    </snapshot>
    <lastUpdated>20170508014253</lastUpdated>
    <snapshotVersions>
      <snapshotVersion>
        <extension>xml</extension>
        <value>7.1-SNAPSHOT</value>
        <updated>20170508014253</updated>
      </snapshotVersion>
      <snapshotVersion>
        <extension>pom</extension>
        <value>7.1-SNAPSHOT</value>
        <updated>20170508014253</updated>
      </snapshotVersion>
    </snapshotVersions>
  </versioning>
</metadata>
