<?xml version="1.0" encoding="UTF-8"?>
<metadata modelVersion="1.1.0">
  <groupId>pentaho</groupId>
  <artifactId>pentaho-camel-core</artifactId>
  <version>7.1-20170507.090021-198</version>
  <versioning>
    <snapshot>
      <localCopy>true</localCopy>
    </snapshot>
    <lastUpdated>20170508012501</lastUpdated>
    <snapshotVersions>
      <snapshotVersion>
        <extension>jar</extension>
        <value>7.1-20170507.090021-198</value>
        <updated>20170508012501</updated>
      </snapshotVersion>
    </snapshotVersions>
  </versioning>
</metadata>
