<?xml version="1.0" encoding="UTF-8"?>
<metadata modelVersion="1.1.0">
  <groupId>pentaho</groupId>
  <artifactId>metastore</artifactId>
  <version>7.1-20170507.032221-280</version>
  <versioning>
    <snapshot>
      <localCopy>true</localCopy>
    </snapshot>
    <lastUpdated>20170508015429</lastUpdated>
    <snapshotVersions>
      <snapshotVersion>
        <extension>jar</extension>
        <value>7.1-20170507.032221-280</value>
        <updated>20170508015429</updated>
      </snapshotVersion>
    </snapshotVersions>
  </versioning>
</metadata>
